{
  "Avlewp": 986514.6737070034,
  "Eclubca": 604623.0,
  "Ymqihza": 21486.0,
  "Uxquhb": 233483.0,
  "Agnegf": 38568.662381308204,
  "Icpo": 110423.0,
  "Ytpuzr": 119375.0,
  "Yfdoxx": 591706.0,
  "Icji": 303723.80954772007,
  "Atgyzn": 582880.6076354844,
  "Azby": 986514.6737070034,
  "Ixwu": 604623.0,
  "Oqtegsa": 21486.0,
  "Ijsa": 233483.0,
  "Obmyrci": 38568.662381308204,
  "Ovhelh": 110423.0,
  "Ajdoxku": 119375.0,
  "Ykbej": 591706.0,
  "Ezviv": 303723.80954772007,
  "Orlo": 582880.6076354844,
  "Afxyqk": 986514.6737070034,
  "Ufqo": 604623.0,
  "Icsi": 21486.0,
  "Ipwygd": 233483.0,
  "Ovxa": 38568.662381308204,
  "Irqyxly": 110423.0,
  "Ecfuk": 119375.0,
  "Usmytje": 591706.0,
  "Azka": 303723.80954772007,
  "Abza": 582880.6076354844
}